{
  "run_dir": "runs/20260507-2222",
  "n_questions": 478,
  "option_a": {
    "n": 478,
    "n_ok": 464,
    "composite": 0.6607815465914781,
    "correctness": 0.6571738679490543,
    "completeness": 0.6643892252339019,
    "citation_accuracy": 0.9547294266147838,
    "hallucination_rate": 0.047777756353695404,
    "jql_correctness": 0.7305243445692884,
    "pagination_completeness": 0.23100632384886466,
    "refusal_correctness": 0.625,
    "tool_efficiency": 0.5207582620687234,
    "latency_p50": 32.49333328590728,
    "latency_p95": 365.9707443069201,
    "latency_avg": 76.6553516393419,
    "verdicts": {
      "correct": 239,
      "partial": 55,
      "wrong": 139,
      "hallucinated": 1,
      "refused": 30,
      "error": 14
    }
  },
  "option_b": {
    "n": 478,
    "n_ok": 415,
    "composite": 0.4542633155356628,
    "correctness": 0.446174347210608,
    "completeness": 0.4623522838607176,
    "citation_accuracy": 0.8181818181818182,
    "hallucination_rate": 0.18181818181818182,
    "jql_correctness": null,
    "pagination_completeness": 0.00018131610536673828,
    "refusal_correctness": 0.8541666666666666,
    "tool_efficiency": null,
    "latency_p50": 53.25680560292676,
    "latency_p95": 121.35328881605528,
    "latency_avg": 59.72996041847909,
    "verdicts": {
      "correct": 79,
      "partial": 95,
      "wrong": 199,
      "hallucinated": 1,
      "refused": 41,
      "error": 63
    }
  },
  "categories": {
    "ambiguous": {
      "a": {
        "n": 48,
        "n_ok": 48,
        "composite": 0.40760416666666666,
        "correctness": 0.46875,
        "completeness": 0.3464583333333333,
        "citation_accuracy": 0.7813852813852814,
        "hallucination_rate": 0.2718035932321647,
        "jql_correctness": null,
        "pagination_completeness": null,
        "refusal_correctness": null,
        "tool_efficiency": 0.0,
        "latency_p50": 27.800807179883122,
        "latency_p95": 85.83862318494357,
        "latency_avg": 35.725234516280274,
        "verdicts": {
          "correct": 13,
          "partial": 10,
          "wrong": 25,
          "hallucinated": 0,
          "refused": 0,
          "error": 0
        }
      },
      "b": {
        "n": 48,
        "n_ok": 44,
        "composite": 0.45977272727272733,
        "correctness": 0.4715909090909091,
        "completeness": 0.4479545454545455,
        "citation_accuracy": 0.0,
        "hallucination_rate": 1.0,
        "jql_correctness": null,
        "pagination_completeness": null,
        "refusal_correctness": null,
        "tool_efficiency": null,
        "latency_p50": 32.27067468804307,
        "latency_p95": 107.74075035285205,
        "latency_avg": 50.71371589587282,
        "verdicts": {
          "correct": 15,
          "partial": 9,
          "wrong": 20,
          "hallucinated": 0,
          "refused": 0,
          "error": 4
        }
      }
    },
    "count-aggregate": {
      "a": {
        "n": 48,
        "n_ok": 47,
        "composite": 0.8936170212765957,
        "correctness": 0.8936170212765957,
        "completeness": 0.8936170212765957,
        "citation_accuracy": 1.0,
        "hallucination_rate": 0.0,
        "jql_correctness": 0.3,
        "pagination_completeness": null,
        "refusal_correctness": null,
        "tool_efficiency": 0.6585106382978724,
        "latency_p50": 15.315714502939954,
        "latency_p95": 31.15850741113536,
        "latency_avg": 17.35068623037969,
        "verdicts": {
          "correct": 42,
          "partial": 0,
          "wrong": 5,
          "hallucinated": 0,
          "refused": 0,
          "error": 1
        }
      },
      "b": {
        "n": 48,
        "n_ok": 32,
        "composite": 0.0,
        "correctness": 0.0,
        "completeness": 0.0,
        "citation_accuracy": null,
        "hallucination_rate": null,
        "jql_correctness": null,
        "pagination_completeness": null,
        "refusal_correctness": null,
        "tool_efficiency": null,
        "latency_p50": 62.09817896503955,
        "latency_p95": 253.83006725716405,
        "latency_avg": 73.46634296332195,
        "verdicts": {
          "correct": 0,
          "partial": 0,
          "wrong": 32,
          "hallucinated": 0,
          "refused": 0,
          "error": 16
        }
      }
    },
    "cross-issue-analysis": {
      "a": {
        "n": 48,
        "n_ok": 44,
        "composite": 0.8007954545454545,
        "correctness": 0.7931818181818181,
        "completeness": 0.808409090909091,
        "citation_accuracy": 0.9543859649122807,
        "hallucination_rate": 0.03684210526315789,
        "jql_correctness": 0.50625,
        "pagination_completeness": null,
        "refusal_correctness": null,
        "tool_efficiency": 0.549383233892318,
        "latency_p50": 70.08967906795442,
        "latency_p95": 375.9367944810074,
        "latency_avg": 143.862068887038,
        "verdicts": {
          "correct": 32,
          "partial": 9,
          "wrong": 3,
          "hallucinated": 0,
          "refused": 0,
          "error": 4
        }
      },
      "b": {
        "n": 48,
        "n_ok": 47,
        "composite": 0.44000000000000006,
        "correctness": 0.4276595744680851,
        "completeness": 0.45234042553191495,
        "citation_accuracy": null,
        "hallucination_rate": null,
        "jql_correctness": null,
        "pagination_completeness": null,
        "refusal_correctness": null,
        "tool_efficiency": null,
        "latency_p50": 70.83289110893384,
        "latency_p95": 129.48685057112016,
        "latency_avg": 76.78578702690318,
        "verdicts": {
          "correct": 3,
          "partial": 24,
          "wrong": 20,
          "hallucinated": 0,
          "refused": 0,
          "error": 1
        }
      }
    },
    "jql-filter": {
      "a": {
        "n": 48,
        "n_ok": 46,
        "composite": 0.5731849166941428,
        "correctness": 0.4422020314166492,
        "completeness": 0.7041678019716364,
        "citation_accuracy": 0.9966749534771144,
        "hallucination_rate": 0.0,
        "jql_correctness": 0.782608695652174,
        "pagination_completeness": null,
        "refusal_correctness": null,
        "tool_efficiency": 0.5571514837819186,
        "latency_p50": 25.78002555598505,
        "latency_p95": 76.71864190301858,
        "latency_avg": 31.38493577871249,
        "verdicts": {
          "correct": 18,
          "partial": 1,
          "wrong": 27,
          "hallucinated": 0,
          "refused": 0,
          "error": 2
        }
      },
      "b": {
        "n": 48,
        "n_ok": 38,
        "composite": 0.5,
        "correctness": 0.5,
        "completeness": 0.5,
        "citation_accuracy": 1.0,
        "hallucination_rate": 0.0,
        "jql_correctness": null,
        "pagination_completeness": null,
        "refusal_correctness": null,
        "tool_efficiency": null,
        "latency_p50": 49.19152751099318,
        "latency_p95": 104.49998697917908,
        "latency_avg": 57.67768601195176,
        "verdicts": {
          "correct": 19,
          "partial": 0,
          "wrong": 19,
          "hallucinated": 0,
          "refused": 0,
          "error": 10
        }
      }
    },
    "lookup": {
      "a": {
        "n": 48,
        "n_ok": 47,
        "composite": 1.0,
        "correctness": 1.0,
        "completeness": 1.0,
        "citation_accuracy": 1.0,
        "hallucination_rate": 0.0,
        "jql_correctness": 1.0,
        "pagination_completeness": null,
        "refusal_correctness": null,
        "tool_efficiency": 0.6849290780141845,
        "latency_p50": 17.719367719022557,
        "latency_p95": 50.44931554514915,
        "latency_avg": 32.44153794583845,
        "verdicts": {
          "correct": 47,
          "partial": 0,
          "wrong": 0,
          "hallucinated": 0,
          "refused": 0,
          "error": 1
        }
      },
      "b": {
        "n": 48,
        "n_ok": 17,