{
  "run_dir": "runs/20260509-0002-grounded",
  "n_questions": 479,
  "option_a": {
    "n": 479,
    "n_ok": 475,
    "composite": 0.9307357408126349,
    "correctness": 0.9354120104340569,
    "completeness": 0.9260594711912129,
    "citation_accuracy": 0.9732153291508253,
    "hallucination_rate": 0.01162844816449409,
    "jql_correctness": 0.5834920634920635,
    "pagination_completeness": 0.3852967809620211,
    "refusal_correctness": 0.875,
    "tool_efficiency": 0.6375544596811037,
    "latency_p50": 26.56632633996196,
    "latency_p95": 192.10440398496576,
    "latency_avg": 45.227779414208214,
    "verdicts": {
      "correct": 406,
      "partial": 9,
      "wrong": 18,
      "hallucinated": 0,
      "refused": 42,
      "error": 4
    }
  },
  "option_b": {
    "n": 479,
    "n_ok": 422,
    "composite": 0.21653564880263143,
    "correctness": 0.22103801847087787,
    "completeness": 0.21203327913438497,
    "citation_accuracy": 0.9361702127659575,
    "hallucination_rate": 0.06382978723404255,
    "jql_correctness": null,
    "pagination_completeness": 0.0002600761466009693,
    "refusal_correctness": 0.7021276595744681,
    "tool_efficiency": null,
    "latency_p50": 60.776675703935325,
    "latency_p95": 148.87810568884015,
    "latency_avg": 68.86209404945397,
    "verdicts": {
      "correct": 43,
      "partial": 15,
      "wrong": 330,
      "hallucinated": 1,
      "refused": 33,
      "error": 57
    }
  },
  "categories": {
    "ambiguous": {
      "a": {
        "n": 48,
        "n_ok": 48,
        "composite": 0.9182291666666667,
        "correctness": 0.928125,
        "completeness": 0.9083333333333333,
        "citation_accuracy": 0.9826791245039243,
        "hallucination_rate": 0.018910030537937515,
        "jql_correctness": 0.14242424242424243,
        "pagination_completeness": null,
        "refusal_correctness": null,
        "tool_efficiency": 0.46515001202501205,
        "latency_p50": 30.519572355085984,
        "latency_p95": 77.11699075996876,
        "latency_avg": 51.06029268311977,
        "verdicts": {
          "correct": 46,
          "partial": 1,
          "wrong": 1,
          "hallucinated": 0,
          "refused": 0,
          "error": 0
        }
      },
      "b": {
        "n": 48,
        "n_ok": 43,
        "composite": 0.1808139534883721,
        "correctness": 0.20348837209302326,
        "completeness": 0.15813953488372093,
        "citation_accuracy": 1.0,
        "hallucination_rate": 0.0,
        "jql_correctness": null,
        "pagination_completeness": null,
        "refusal_correctness": null,
        "tool_efficiency": null,
        "latency_p50": 61.92077138903551,
        "latency_p95": 122.31680216919631,
        "latency_avg": 70.79520900315757,
        "verdicts": {
          "correct": 2,
          "partial": 8,
          "wrong": 33,
          "hallucinated": 0,
          "refused": 0,
          "error": 5
        }
      }
    },
    "count-aggregate": {
      "a": {
        "n": 48,
        "n_ok": 47,
        "composite": 0.9617021276595745,
        "correctness": 0.9617021276595745,
        "completeness": 0.9617021276595745,
        "citation_accuracy": 0.96875,
        "hallucination_rate": 0.15625,
        "jql_correctness": 0.35,
        "pagination_completeness": null,
        "refusal_correctness": null,
        "tool_efficiency": 0.7197695035460993,
        "latency_p50": 12.6943145878613,
        "latency_p95": 33.58550446899608,
        "latency_avg": 17.3097876124728,
        "verdicts": {
          "correct": 44,
          "partial": 2,
          "wrong": 1,
          "hallucinated": 0,
          "refused": 0,
          "error": 1
        }
      },
      "b": {
        "n": 48,
        "n_ok": 30,
        "composite": 0.06726726726726726,
        "correctness": 0.06726726726726726,
        "completeness": 0.06726726726726726,
        "citation_accuracy": 1.0,
        "hallucination_rate": 0.0,
        "jql_correctness": null,
        "pagination_completeness": null,
        "refusal_correctness": null,
        "tool_efficiency": null,
        "latency_p50": 61.64387674513273,
        "latency_p95": 181.81367028597742,
        "latency_avg": 75.46428922522658,
        "verdicts": {
          "correct": 2,
          "partial": 0,
          "wrong": 28,
          "hallucinated": 0,
          "refused": 0,
          "error": 18
        }
      }
    },
    "cross-issue-analysis": {
      "a": {
        "n": 48,
        "n_ok": 48,
        "composite": 0.9296875,
        "correctness": 0.9427083333333334,
        "completeness": 0.9166666666666666,
        "citation_accuracy": 0.9818908986994094,
        "hallucination_rate": 0.0,
        "jql_correctness": 0.19615384615384615,
        "pagination_completeness": null,
        "refusal_correctness": null,
        "tool_efficiency": 0.8153983188257382,
        "latency_p50": 17.017173297004774,
        "latency_p95": 64.88546388293616,
        "latency_avg": 24.974940872057534,
        "verdicts": {
          "correct": 44,
          "partial": 4,
          "wrong": 0,
          "hallucinated": 0,
          "refused": 0,
          "error": 0
        }
      },
      "b": {
        "n": 48,
        "n_ok": 44,
        "composite": 0.13920454545454547,
        "correctness": 0.15113636363636365,
        "completeness": 0.12727272727272726,
        "citation_accuracy": 0.25,
        "hallucination_rate": 0.75,
        "jql_correctness": null,
        "pagination_completeness": null,
        "refusal_correctness": null,
        "tool_efficiency": null,
        "latency_p50": 91.16311276308261,
        "latency_p95": 213.24201429309323,
        "latency_avg": 93.39551766740624,
        "verdicts": {
          "correct": 3,
          "partial": 4,
          "wrong": 36,
          "hallucinated": 1,
          "refused": 0,
          "error": 4
        }
      }
    },
    "jql-filter": {
      "a": {
        "n": 48,
        "n_ok": 47,
        "composite": 0.9187122741702463,
        "correctness": 0.9185256373654683,
        "completeness": 0.9188989109750242,
        "citation_accuracy": 0.9862306077417687,
        "hallucination_rate": 0.00588235294117647,
        "jql_correctness": 0.7457446808510638,
        "pagination_completeness": null,
        "refusal_correctness": null,
        "tool_efficiency": 0.562613981762918,
        "latency_p50": 36.59794043912552,
        "latency_p95": 99.49707323918119,
        "latency_avg": 42.57755667195121,
        "verdicts": {
          "correct": 43,
          "partial": 0,
          "wrong": 4,
          "hallucinated": 0,
          "refused": 0,
          "error": 1
        }
      },
      "b": {
        "n": 48,
        "n_ok": 40,
        "composite": 0.075,
        "correctness": 0.075,
        "completeness": 0.075,
        "citation_accuracy": 1.0,
        "hallucination_rate": 0.0,
        "jql_correctness": null,
        "pagination_completeness": null,
        "refusal_correctness": null,
        "tool_efficiency": null,
        "latency_p50": 52.28478623810224,
        "latency_p95": 132.71117664990015,
        "latency_avg": 57.25926288226037,
        "verdicts": {
          "correct": 3,
          "partial": 0,
          "wrong": 37,
          "hallucinated": 0,
          "refused": 0,
          "error": 8
        }
      }
    },
    "lookup": {
      "a": {
        "n": 48,
        "n_ok": 48,
        "composite": 0.9375,
        "correctness": 0.9375,
        "completeness": 0.9375,
        "citation_accuracy": 1.0,
        "hallucination_rate": 0.0,
        "jql_correctness": 1.0,
        "pagination_completeness": null,
        "refusal_correctness": null,
        "tool_efficiency": 0.6882440476190476,
        "latency_p50": 25.01578312390484,
        "latency_p95": 102.07098384690471,
        "latency_avg": 36.14602184810307,
        "verdicts": {
          "correct": 45,
          "partial": 0,
          "wrong": 3,
          "hallucinated": 0,