{
  "run_dir": "runs/20260508-fixed",
  "n_questions": 478,
  "option_a": {
    "n": 478,
    "n_ok": 471,
    "composite": 0.7836321561125142,
    "correctness": 0.7894946360916553,
    "completeness": 0.7777696761333732,
    "citation_accuracy": 0.952537250738351,
    "hallucination_rate": 0.04928392994134414,
    "jql_correctness": 0.7301818181818183,
    "pagination_completeness": 0.23169313703567784,
    "refusal_correctness": 0.8837209302325582,
    "tool_efficiency": 0.5326764044093587,
    "latency_p50": 32.78967567696236,
    "latency_p95": 330.2083452618681,
    "latency_avg": 68.81841899603141,
    "verdicts": {
      "correct": 300,
      "partial": 60,
      "wrong": 72,
      "hallucinated": 1,
      "refused": 38,
      "error": 7
    }
  },
  "option_b": {
    "n": 478,
    "n_ok": 415,
    "composite": 0.4165714066246703,
    "correctness": 0.409246105419851,
    "completeness": 0.4238967078294896,
    "citation_accuracy": 0.8181818181818182,
    "hallucination_rate": 0.18181818181818182,
    "jql_correctness": null,
    "pagination_completeness": 0.00018131610536673828,
    "refusal_correctness": 0.8541666666666666,
    "tool_efficiency": null,
    "latency_p50": 53.25680560292676,
    "latency_p95": 121.35328881605528,
    "latency_avg": 59.72996041847909,
    "verdicts": {
      "correct": 62,
      "partial": 96,
      "wrong": 215,
      "hallucinated": 1,
      "refused": 41,
      "error": 63
    }
  },
  "categories": {
    "ambiguous": {
      "a": {
        "n": 48,
        "n_ok": 48,
        "composite": 0.4186458333333333,
        "correctness": 0.4770833333333333,
        "completeness": 0.3602083333333333,
        "citation_accuracy": 0.7864693446088795,
        "hallucination_rate": 0.2654825794360678,
        "jql_correctness": null,
        "pagination_completeness": null,
        "refusal_correctness": null,
        "tool_efficiency": 0.0,
        "latency_p50": 27.800807179883122,
        "latency_p95": 128.728348714998,
        "latency_avg": 37.9072736257173,
        "verdicts": {
          "correct": 12,
          "partial": 12,
          "wrong": 24,
          "hallucinated": 0,
          "refused": 0,
          "error": 0
        }
      },
      "b": {
        "n": 48,
        "n_ok": 44,
        "composite": 0.45772727272727276,
        "correctness": 0.4681818181818182,
        "completeness": 0.44727272727272727,
        "citation_accuracy": 0.0,
        "hallucination_rate": 1.0,
        "jql_correctness": null,
        "pagination_completeness": null,
        "refusal_correctness": null,
        "tool_efficiency": null,
        "latency_p50": 32.27067468804307,
        "latency_p95": 107.74075035285205,
        "latency_avg": 50.71371589587282,
        "verdicts": {
          "correct": 14,
          "partial": 10,
          "wrong": 20,
          "hallucinated": 0,
          "refused": 0,
          "error": 4
        }
      }
    },
    "count-aggregate": {
      "a": {
        "n": 48,
        "n_ok": 48,
        "composite": 0.9291666666666667,
        "correctness": 0.9291666666666667,
        "completeness": 0.9291666666666667,
        "citation_accuracy": 1.0,
        "hallucination_rate": 0.0,
        "jql_correctness": 0.37142857142857144,
        "pagination_completeness": null,
        "refusal_correctness": null,
        "tool_efficiency": 0.665625,
        "latency_p50": 15.428986477898434,
        "latency_p95": 31.213693330064416,
        "latency_avg": 17.63949887828979,
        "verdicts": {
          "correct": 44,
          "partial": 1,
          "wrong": 3,
          "hallucinated": 0,
          "refused": 0,
          "error": 0
        }
      },
      "b": {
        "n": 48,
        "n_ok": 32,
        "composite": 0.0,
        "correctness": 0.0,
        "completeness": 0.0,
        "citation_accuracy": null,
        "hallucination_rate": null,
        "jql_correctness": null,
        "pagination_completeness": null,
        "refusal_correctness": null,
        "tool_efficiency": null,
        "latency_p50": 62.09817896503955,
        "latency_p95": 253.83006725716405,
        "latency_avg": 73.46634296332195,
        "verdicts": {
          "correct": 0,
          "partial": 0,
          "wrong": 32,
          "hallucinated": 0,
          "refused": 0,
          "error": 16
        }
      }
    },
    "cross-issue-analysis": {
      "a": {
        "n": 48,
        "n_ok": 48,
        "composite": 0.7330208333333335,
        "correctness": 0.7260416666666667,
        "completeness": 0.7400000000000001,
        "citation_accuracy": 0.9543859649122807,
        "hallucination_rate": 0.03684210526315789,
        "jql_correctness": 0.5,
        "pagination_completeness": null,
        "refusal_correctness": null,
        "tool_efficiency": 0.5429214199086476,
        "latency_p50": 70.08967906795442,
        "latency_p95": 371.72751667001285,
        "latency_avg": 128.99110682193228,
        "verdicts": {
          "correct": 32,
          "partial": 9,
          "wrong": 7,
          "hallucinated": 0,
          "refused": 0,
          "error": 0
        }
      },
      "b": {
        "n": 48,
        "n_ok": 47,
        "composite": 0.44680851063829785,
        "correctness": 0.4340425531914893,
        "completeness": 0.45957446808510644,
        "citation_accuracy": null,
        "hallucination_rate": null,
        "jql_correctness": null,
        "pagination_completeness": null,
        "refusal_correctness": null,
        "tool_efficiency": null,
        "latency_p50": 70.83289110893384,
        "latency_p95": 129.48685057112016,
        "latency_avg": 76.78578702690318,
        "verdicts": {
          "correct": 3,
          "partial": 24,
          "wrong": 20,
          "hallucinated": 0,
          "refused": 0,
          "error": 1
        }
      }
    },
    "jql-filter": {
      "a": {
        "n": 48,
        "n_ok": 48,
        "composite": 0.8761167223302365,
        "correctness": 0.8759339737922248,
        "completeness": 0.8762994708682482,
        "citation_accuracy": 0.9968499559256874,
        "hallucination_rate": 0.0,
        "jql_correctness": 0.78125,
        "pagination_completeness": null,
        "refusal_correctness": null,
        "tool_efficiency": 0.554770171957672,
        "latency_p50": 26.689532465068623,
        "latency_p95": 76.71864190301858,
        "latency_avg": 31.643846942310727,
        "verdicts": {
          "correct": 42,
          "partial": 0,
          "wrong": 6,
          "hallucinated": 0,
          "refused": 0,
          "error": 0
        }
      },
      "b": {
        "n": 48,
        "n_ok": 38,
        "composite": 0.0009112731152204836,
        "correctness": 0.0009112731152204836,
        "completeness": 0.0009112731152204836,
        "citation_accuracy": 1.0,
        "hallucination_rate": 0.0,
        "jql_correctness": null,
        "pagination_completeness": null,
        "refusal_correctness": null,
        "tool_efficiency": null,
        "latency_p50": 49.19152751099318,
        "latency_p95": 104.49998697917908,
        "latency_avg": 57.67768601195176,
        "verdicts": {
          "correct": 0,
          "partial": 0,
          "wrong": 38,
          "hallucinated": 0,
          "refused": 0,
          "error": 10
        }
      }
    },
    "lookup": {
      "a": {
        "n": 48,
        "n_ok": 48,
        "composite": 1.0,
        "correctness": 1.0,
        "completeness": 1.0,
        "citation_accuracy": 1.0,
        "hallucination_rate": 0.0,
        "jql_correctness": 1.0,
        "pagination_completeness": null,
        "refusal_correctness": null,
        "tool_efficiency": 0.6914930555555556,
        "latency_p50": 18.805572065990418,
        "latency_p95": 50.44931554514915,
        "latency_avg": 32.258251652111845,
        "verdicts": {
          "correct": 48,
          "partial": 0,
          "wrong": 0,
          "hallucinated": 0,
          "refused": 0,