{
    "instances": [{
        "num_col_0": [-0.0166430796105736],
        "num_col_1": [-1.1673784944304106],
        "cat_col_2": [0.0],
        "cat_col_3": [0.0],
        "cat_col_4": [0.0],
        "num_col_5": [0.4192379163764471],
        "num_col_6": [-0.1479446488124239],
        "num_col_7": [-0.5070350236284159],
        "num_col_8": [-0.990552326644716],
        "num_col_9": [-3.995674031686334],
        "num_col_10": [-0.4228913875933527],
        "num_col_11": [0.1100728099704197],
        "num_col_12": [0.7011051904970438],
        "num_col_13": [-0.918551672105058],
        "num_col_14": [0.5458227322952036],
        "num_col_15": [-0.3471353451188136],
        "num_col_16": [0.559459501681792],
        "num_col_17": [1.1459262604154248],
        "cat_col_18": [3.0],
        "num_col_19": [1.0826087208281656]
        }]
}
