{"loss": [0.5076980590820312, 0.4269326627254486, 0.36660370230674744, 0.2799268662929535, 0.2001914232969284, 0.14276747405529022, 0.10234953463077545, 0.07264517992734909, 0.0506376177072525, 0.0357513427734375, 0.02501814253628254, 0.01804308407008648, 0.013362318277359009, 0.010192451067268848, 0.00802635494619608, 0.006436450872570276, 0.005211115349084139, 0.0042841993272304535, 0.0035856158938258886, 0.0030620074830949306], "accuracy": [0.8095333576202393, 0.8333333134651184, 0.8372666835784912, 0.8795333504676819, 0.9268666505813599, 0.9560666680335999, 0.9720666408538818, 0.9839333295822144, 0.9913333058357239, 0.9954666495323181, 0.998199999332428, 0.9993333220481873, 0.9998666644096375, 0.9999333620071411, 0.9999333620071411, 0.9999333620071411, 0.9999333620071411, 0.9999333620071411, 1.0, 1.0], "val_loss": [1.7592158317565918, 1.5055053234100342, 1.3783936500549316, 1.0385572910308838, 0.9270370006561279, 1.0567530393600464, 0.969596266746521, 0.9598367214202881, 1.056150197982788, 1.1156827211380005, 1.031349539756775, 1.168897271156311, 1.2279819250106812, 1.2482872009277344, 1.3351001739501953, 1.3539386987686157, 1.3921176195144653, 1.3761407136917114, 1.481589674949646, 1.4658188819885254], "val_accuracy": [0.0, 0.000699999975040555, 0.048700001090765, 0.3540000021457672, 0.5002999901771545, 0.4848000109195709, 0.5554999709129333, 0.5849000215530396, 0.5756999850273132, 0.576200008392334, 0.6226999759674072, 0.5990999937057495, 0.5974000096321106, 0.6057999730110168, 0.5946999788284302, 0.5999000072479248, 0.6010000109672546, 0.61080002784729, 0.597100019454956, 0.6062999963760376]}